{
    "rlimit": {
        "data": -1,
        "stack": -1
    },
    "CurCompileModules": [
        "...MASTER...",
        "...MASTER...",
        "std",
        "std",
        "helloworld",
        "helloworld"
    ],
    "cycles_program_begin": 1851463786180,
    "PrevCompiledModules": {},
    "perf": [
        {
            "stat": [
                "main",
                "entry",
                0.012704133987426758,
                0.024528999999999999,
                0.016351999999999998,
                200700,
                200700,
                0.0,
                0.0,
                1764325493.9310181,
                1851464034244
            ],
            "sub": [
                {
                    "stat": [
                        "doParsingAndDesignResolution",
                        "entry",
                        20.149816036224365,
                        0.030202,
                        0.021572999999999998,
                        209676,
                        210476,
                        0.0,
                        0.0,
                        1764325514.06813,
                        1915780280307
                    ],
                    "sub": []
                },
                {
                    "stat": [
                        "doParsingAndDesignResolution",
                        "exit",
                        20.185415029525757,
                        0.031999,
                        0.022856999999999999,
                        209992,
                        210640,
                        0.0,
                        0.0,
                        1764325514.103729,
                        1915893948740
                    ],
                    "sub": []
                },
                {
                    "stat": [
                        "doPostDesignResolutionToVir2Vcs",
                        "entry",
                        20.185964107513428,
                        0.032320000000000002,
                        0.023085000000000001,
                        210124,
                        210640,
                        0.0,
                        0.0,
                        1764325514.1042781,
                        1915895648580
                    ],
                    "sub": [
                        {
                            "stat": [
                                "doUptoVir2VcsNoSepCleanup",
                                "entry",
                                20.187609910964966,
                                0.033947999999999999,
                                0.023085000000000001,
                                211232,
                                211232,
                                0.0,
                                0.0,
                                1764325514.1059239,
                                1915900907588
                            ],
                            "sub": []
                        },
                        {
                            "stat": [
                                "doUptoVir2VcsNoSepCleanup",
                                "exit",
                                20.210973978042603,
                                0.038714999999999999,
                                0.02581,
                                212188,
                                224524,
                                0.007705,
                                0.0081279999999999998,
                                1764325514.129288,
                                1915975580340
                            ],
                            "sub": []
                        },
                        {
                            "stat": [
                                "doRadify_vir2vcsAll",
                                "entry",
                                20.211031913757324,
                                0.03875,
                                0.025832999999999998,
                                212188,
                                224524,
                                0.007705,
                                0.0081279999999999998,
                                1764325514.1293459,
                                1915975695028
                            ],
                            "sub": []
                        },
                        {
                            "stat": [
                                "doRadify_vir2vcsAll",
                                "exit",
                                20.213005065917969,
                                0.039933000000000003,
                                0.026622,
                                213696,
                                224524,
                                0.007705,
                                0.0081279999999999998,
                                1764325514.131319,
                                1915982044564
                            ],
                            "sub": []
                        }
                    ]
                },
                {
                    "stat": [
                        "doPostDesignResolutionToVir2Vcs",
                        "exit",
                        20.213041067123413,
                        0.039955999999999998,
                        0.026637000000000001,
                        213696,
                        224524,
                        0.007705,
                        0.0081279999999999998,
                        1764325514.131355,
                        1915982108212
                    ],
                    "sub": []
                },
                {
                    "stat": [
                        "doGAToPass2",
                        "entry",
                        20.213059902191162,
                        0.039967000000000003,
                        0.026644000000000001,
                        213696,
                        224524,
                        0.007705,
                        0.0081279999999999998,
                        1764325514.1313739,
                        1915982163828
                    ],
                    "sub": [
                        {
                            "stat": [
                                "DoPass2",
                                "entry",
                                20.239190101623535,
                                0.039967000000000003,
                                0.028118000000000001,
                                212140,
                                224524,
                                0.026998999999999999,
                                0.012584,
                                1764325514.1575041,
                                1916065725236
                            ],
                            "sub": []
                        },
                        {
                            "stat": [
                                "DoPass2",
                                "exit",
                                20.250200033187866,
                                0.048335999999999997,
                                0.030759000000000002,
                                220544,
                                224524,
                                0.026998999999999999,
                                0.012584,
                                1764325514.168514,
                                1916100815363
                            ],