{
    "Modules": {
        "...MASTER...": {
            "start_perf": [
                20.239304065704346,
                0.039967000000000003,
                0.028232,
                212140,
                224524,
                1764325514.157618,
                1916066023412
            ],
            "child_modules": {
                "helloworld": 1,
                "std": 1
            },
            "nQuads": 0,
            "end_perf": [
                20.241250991821289,
                0.039967000000000003,
                0.030179000000000001,
                214140,
                224524,
                1916072240212,
                0,
                0
            ],
            "nMops": 0,
            "nRouts": 5
        },
        "std": {
            "start_perf": [
                20.241333961486816,
                0.039967000000000003,
                0.030262000000000001,
                214140,
                224524,
                1764325514.1596479,
                1916072486228
            ],
            "child_modules": {},
            "nRouts": 33,
            "Compiled": "Yes",
            "end_perf": [
                20.247566938400269,
                0.046198999999999997,
                0.030262000000000001,
                218880,
                224524,
                1916092439732,
                8589934594,
                0
            ],
            "nQuads": 218,
            "Compiled Times": 1,
            "svclass": [
                "$vcs_nba_dyn_obj",
                576,
                35,
                2,
                2,
                0,
                "sigprop$$",
                576,
                35,
                2,
                2,
                0,
                "process",
                2380,
                200,
                8,
                8,
                0,
                "event",
                597,
                34,
                2,
                2,
                0,
                "mailbox",
                1769,
                140,
                9,
                9,
                0,
                "semaphore",
                1119,
                84,
                5,
                5,
                0
            ],
            "nMops": 528
        },
        "helloworld": {
            "start_perf": [
                20.247615098953247,
                0.046247999999999997,
                0.030262000000000001,
                218880,
                224524,
                1764325514.1659291,
                1916092533780
            ],
            "child_modules": {},
            "nRouts": 9,
            "Compiled": "Yes",
            "nQuads": 25,
            "end_perf": [
                20.24885892868042,
                0.047491999999999999,
                0.030262000000000001,
                218880,
                224524,
                1916096534516,
                12884901889,
                0
            ],
            "Compiled Times": 1,
            "nMops": 32
        }
    },
    "CompUnits": {
        "amcQw_d": {
            "mod": "...MASTER...",
            "out": "objs/amcQw_d.o",
            "bytes": 7832,
            "text": 434,
            "mode": 4,
            "checksum": 0
        },
        "reYIK_d": {
            "mod": "std",
            "cls": 7017,
            "out": "reYIK_d.o",
            "archive": "archive.0/_4059_archive_1.a",
            "bytes": 43000,
            "text": 7325,
            "mode": 4,
            "checksum": 0
        },
        "vPt7Z_d": {
            "mod": "helloworld",
            "out": "vPt7Z_d.o",
            "archive": "archive.0/_4059_archive_1.a",
            "bytes": 10000,
            "text": 669,
            "mode": 4,
            "checksum": 0
        }
    },
    "reusePaths": {},
    "stat": {
        "ru_self_end": {
            "ru_maxrss_kb": 112476,
            "ru_utime_sec": 0.048335999999999997,
            "ru_nivcsw": 2,
            "ru_majflt": 0,
            "ru_stime_sec": 0.032960000000000003,
            "ru_minflt": 9867,
            "ru_nvcsw": 44
        },
        "ru_childs_end": {
            "ru_maxrss_kb": 105124,
            "ru_utime_sec": 0.026998999999999999,
            "ru_nivcsw": 2,
            "ru_majflt": 0,
            "ru_stime_sec": 0.012584,
            "ru_minflt": 4868,
            "ru_nvcsw": 25
        },
        "cpu_cycles_end": 1916107776227,
        "peak_mem_kb": 224524
    },
    "ObjArchives": [
        {
            "archive": "archive.0/_4059_archive_1.a",
            "objects": [
                [
                    "reYIK_d.o",
                    43000
                ],
                [
                    "vPt7Z_d.o",
                    10000
                ],
                [
                    "amcQwB.o",
                    115832
                ]
            ],
            "size": 168832
        }
    ]
}