{
    "cycles_program_begin": 10515647199307,
    "stat": {
        "peak_mem_kb": 225448,
        "cpu_cycles_cgstart": 10518175827707,
        "ru_self_cgstart": {
            "ru_utime_sec": 0.05636,
            "ru_stime_sec": 0.408611,
            "ru_maxrss_kb": 106848,
            "ru_majflt": 1294,
            "ru_minflt": 8151,
            "ru_nvcsw": 982,
            "ru_nivcsw": 8
        },
        "ru_self_end": {
            "ru_utime_sec": 0.117672,
            "ru_stime_sec": 0.45203500000000002,
            "ru_maxrss_kb": 119516,
            "ru_majflt": 1382,
            "ru_minflt": 10409,
            "ru_nvcsw": 1040,
            "ru_nivcsw": 9
        },
        "mopSpeed": 75884.375637865262,
        "outputSizePerQuad": 123.48393194706995,
        "ru_childs_cgstart": {
            "ru_utime_sec": 0.026987000000000001,
            "ru_stime_sec": 0.12151099999999999,
            "ru_maxrss_kb": 106848,
            "ru_majflt": 268,
            "ru_minflt": 4691,
            "ru_nvcsw": 239,
            "ru_nivcsw": 5
        },
        "nMops": 4833,
        "nQuads": 2116,
        "totalObjSize": 261292,
        "CodeGen(%)": 43.315242525639981,
        "quadSpeed": 33223.947620468214,
        "ru_childs_end": {
            "ru_utime_sec": 0.029364000000000001,
            "ru_stime_sec": 0.12151099999999999,
            "ru_maxrss_kb": 106848,
            "ru_majflt": 268,
            "ru_minflt": 4911,
            "ru_nvcsw": 240,
            "ru_nivcsw": 5
        },
        "cpu_cycles_end": 10518601298539,
        "cpu_cycles_total": 2954099232,
        "mop/quad": 2.2840264650283553,
        "Frontend(%)": 56.684757474360019,
        "realTime": 1.0594148635864258
    },
    "NameTable": {
        "...MASTER...": [
            "SIM",
            "amcQw",
            "module",
            3
        ],
        "std": [
            "std",
            "reYIK",
            "module",
            1
        ],
        "tb_syncfifo": [
            "tb_syncfifo",
            "Hw8dK",
            "module",
            2
        ]
    },
    "perf": [
        {
            "stat": [
                "main",
                "entry",
                0.13656401634216309,
                0.037934000000000002,
                0.19725699999999999,
                200712,
                200712,
                0.0,
                0.0,
                1764592337.0420811,
                10515654003307
            ],
            "sub": [
                {
                    "stat": [
                        "doParsingAndDesignResolution",
                        "entry",
                        0.31524896621704102,
                        0.042223999999999998,
                        0.22519800000000001,
                        209700,
                        210500,
                        0.0,
                        0.0,
                        1764592337.2207661,
                        10516224647467
                    ],
                    "sub": []
                },
                {
                    "stat": [
                        "doParsingAndDesignResolution",
                        "exit",
                        0.47578287124633789,
                        0.042908000000000002,
                        0.30887199999999998,
                        210640,
                        211288,
                        0.0,
                        0.0,
                        1764592337.3813,
                        10516737445003
                    ],
                    "sub": []
                },
                {
                    "stat": [
                        "doPostDesignResolutionToVir2Vcs",
                        "entry",
                        0.47725987434387207,
                        0.042908000000000002,
                        0.309834,
                        210776,
                        211288,
                        0.0,
                        0.0,
                        1764592337.382777,
                        10516742069787
                    ],
                    "sub": [
                        {
                            "stat": [
                                "doUptoVir2VcsNoSepCleanup",
                                "entry",
                                0.49968099594116211,
                                0.042908000000000002,
                                0.32294200000000001,
                                211932,
                                211932,
                                0.0,
                                0.0,
                                1764592337.4051981,
                                10516813768235
                            ],
                            "sub": []
                        },
                        {
                            "stat": [
                                "doUptoVir2VcsNoSepCleanup",
                                "exit",
                                0.65736198425292969,
                                0.042908000000000002,
                                0.403671,
                                213112,
                                225448,
                                0.011311,
                                0.0018109999999999999,
                                1764592337.5628791,
                                10517317353819
                            ],
                            "sub": []
                        },
                        {
                            "stat": [
                                "doRadify_vir2vcsAll",
                                "entry",
                                0.65886282920837402,
                                0.042908000000000002,
                                0.40462999999999999,
                                213112,
                                225448,
                                0.011311,
                                0.0018109999999999999,
                                1764592337.5643799,
                                10517322168363
                            ],
                            "sub": []
                        },
                        {
                            "stat": [
                                "doRadify_vir2vcsAll",
                                "exit",
                                0.67897701263427734,
                                0.056011999999999999,
                                0.40608899999999998,
                                214352,
                                225448,
                                0.011311,
                                0.0018109999999999999,
                                1764592337.5844941,
                                10517386520138
                            ],
                            "sub": []
                        }
                    ]
                },
                {
                    "stat": [
                        "doPostDesignResolutionToVir2Vcs",
                        "exit",
                        0.67906594276428223,
                        0.056023000000000003,
                        0.40616799999999997,
                        214352,
                        225448,
                        0.011311,
                        0.0018109999999999999,
                        1764592337.584583,
                        10517386596618
                    ],
                    "sub": []
                },
                {
                    "stat": [
                        "doGAToPass2",
                        "entry",
                        0.67908692359924316,
                        0.056024999999999998,
                        0.40618700000000002,
                        214352,
                        225448,
                        0.011311,
                        0.0018109999999999999,
                        1764592337.584604,
                        10517386652426
                    ],