{
    "Modules": {
        "std": {
            "start_perf": [
                0.95618295669555664,
                0.056375000000000001,
                0.425543,
                214360,
                225448,
                1764592337.8617001,
                10518271703275
            ],
            "Compiled Times": 24,
            "child_modules": {},
            "svclass": [
                "$vcs_nba_dyn_obj",
                576,
                35,
                2,
                2,
                0,
                "sigprop$$",
                576,
                35,
                2,
                2,
                0,
                "process",
                2380,
                200,
                8,
                8,
                0,
                "event",
                597,
                34,
                2,
                2,
                0,
                "mailbox",
                1769,
                140,
                9,
                9,
                0,
                "semaphore",
                1119,
                83,
                5,
                5,
                0
            ],
            "nRouts": 33,
            "Compiled": "Yes",
            "end_perf": [
                0.9826807975769043,
                0.061920000000000003,
                0.440326,
                217204,
                225448,
                10518356398555,
                8589934594,
                0
            ],
            "nQuads": 436,
            "nMops": 1055
        },
        "...MASTER...": {
            "start_perf": [
                0.92630696296691895,
                0.056375000000000001,
                0.408723,
                212928,
                225448,
                1764592337.8318241,
                10518176297083
            ],
            "child_modules": {
                "tb_syncfifo": 1,
                "std": 1
            },
            "end_perf": [
                0.95608401298522949,
                0.056375000000000001,
                0.42544399999999999,
                214360,
                225448,
                10518271462731,
                0,
                0
            ],
            "nQuads": 0,
            "nMops": 0,
            "nRouts": 5
        },
        "tb_syncfifo": {
            "start_perf": [
                0.98273587226867676,
                0.061927000000000003,
                0.44037500000000002,
                217204,
                225448,
                1764592337.888253,
                10518356503899
            ],
            "Compiled Times": 24,
            "child_modules": {},
            "nRouts": 158,
            "Compiled": "Yes",
            "end_perf": [
                1.0454659461975098,
                0.117672,
                0.44037500000000002,
                223416,
                225448,
                10518556950667,
                12884901889,
                0
            ],
            "nQuads": 1680,
            "nMops": 3778
        }
    },
    "stat": {
        "cpu_cycles_end": 10518600785675,
        "ru_self_end": {
            "ru_utime_sec": 0.117672,
            "ru_stime_sec": 0.45187100000000002,
            "ru_maxrss_kb": 119516,
            "ru_majflt": 1382,
            "ru_minflt": 10409,
            "ru_nvcsw": 1040,
            "ru_nivcsw": 9
        },
        "ru_childs_end": {
            "ru_utime_sec": 0.029364000000000001,
            "ru_stime_sec": 0.12151099999999999,
            "ru_maxrss_kb": 106848,
            "ru_majflt": 268,
            "ru_minflt": 4911,
            "ru_nvcsw": 240,
            "ru_nivcsw": 5
        },
        "peak_mem_kb": 225448
    },
    "reusePaths": {
        "amcQw_d": {
            "icPath": "csrc"
        }
    },
    "CompUnits": {
        "reYIK_d": {
            "checksum": 0,
            "mod": "std",
            "bytes": 43314,
            "out": "reYIK_d.o",
            "text": 7325,
            "cls": 7017,
            "mode": 4,
            "archive": "archive.23/_4595_archive_1.a"
        },
        "Hw8dK_d": {
            "checksum": 0,
            "mod": "tb_syncfifo",
            "bytes": 103110,
            "out": "Hw8dK_d.o",
            "text": 40021,
            "mode": 4,
            "archive": "archive.23/_4595_archive_1.a"
        }
    },
    "ObjArchives": [
        {
            "objects": [
                [
                    "reYIK_d.o",
                    43314
                ],
                [
                    "Hw8dK_d.o",
                    103110
                ],
                [
                    "amcQwB.o",
                    114868
                ]
            ],
            "archive": "archive.23/_4595_archive_1.a",
            "size": 261292
        }
    ]
}