{
    "Modules": {
        "std": {
            "start_perf": [
                0.21897602081298828,
                0.056034,
                0.029479999999999999,
                214076,
                225424,
                1764500612.6146719,
                43275338703329
            ],
            "child_modules": {},
            "end_perf": [
                0.2207491397857666,
                0.056034,
                0.031252000000000002,
                214076,
                225424,
                43275344390241,
                8589934594,
                0
            ],
            "Compiled": "Yes",
            "Compiled Times": 23,
            "svclass": [
                "$vcs_nba_dyn_obj",
                0,
                35,
                2,
                2,
                0,
                "sigprop$$",
                0,
                35,
                2,
                2,
                0,
                "process",
                0,
                200,
                8,
                8,
                0,
                "event",
                0,
                34,
                2,
                2,
                0,
                "mailbox",
                0,
                140,
                9,
                9,
                0,
                "semaphore",
                0,
                84,
                5,
                5,
                0
            ],
            "nQuads": 218,
            "nMops": 528,
            "nRouts": 33
        },
        "...MASTER...": {
            "child_modules": {
                "tb_syncfifo": 1,
                "std": 1
            },
            "start_perf": [
                0.21459412574768066,
                0.056034,
                0.027435000000000001,
                212644,
                225424,
                1764500612.6102901,
                43275324706737
            ],
            "end_perf": [
                0.21889805793762207,
                0.056034,
                0.029401,
                214076,
                225424,
                43275338478657,
                0,
                0
            ],
            "nQuads": 0,
            "nMops": 0,
            "nRouts": 5
        },
        "tb_syncfifo": {
            "child_modules": {},
            "start_perf": [
                0.22078514099121094,
                0.056034,
                0.031288999999999997,
                214076,
                225424,
                1764500612.6164811,
                43275344469985
            ],
            "end_perf": [
                0.25046706199645996,
                0.079395999999999994,
                0.037608000000000003,
                221228,
                225424,
                43275439347680,
                12884901889,
                0
            ],
            "Compiled": "Yes",
            "Compiled Times": 23,
            "nQuads": 1678,
            "nMops": 3778,
            "nRouts": 158
        }
    },
    "reusePaths": {
        "reYIK_d": {
            "icPath": "csrc"
        },
        "amcQw_d": {
            "icPath": "csrc"
        }
    },
    "CompUnits": {
        "Hw8dK_d": {
            "mod": "tb_syncfifo",
            "text": 40021,
            "out": "Hw8dK_d.o",
            "bytes": 95476,
            "mode": 4,
            "checksum": 0,
            "archive": "archive.22/_21836_archive_1.a"
        }
    },
    "ObjArchives": [
        {
            "archive": "archive.22/_21836_archive_1.a",
            "objects": [
                [
                    "Hw8dK_d.o",
                    95476
                ],
                [
                    "amcQwB.o",
                    124830
                ]
            ],
            "size": 220306
        }
    ],
    "stat": {
        "ru_self_end": {
            "ru_nivcsw": 4,
            "ru_utime_sec": 0.079395999999999994,
            "ru_stime_sec": 0.041466000000000003,
            "ru_maxrss_kb": 118852,
            "ru_minflt": 10899,
            "ru_majflt": 0,
            "ru_nvcsw": 42
        },
        "ru_childs_end": {
            "ru_nivcsw": 4,
            "ru_utime_sec": 0.030918000000000001,
            "ru_stime_sec": 0.0093179999999999999,
            "ru_maxrss_kb": 107644,
            "ru_minflt": 5087,
            "ru_majflt": 0,
            "ru_nvcsw": 26
        },
        "cpu_cycles_end": 43275451551648,
        "peak_mem_kb": 225424
    }
}