{
    "ObjArchives": [
        {
            "archive": "archive.0/_8141_archive_1.a",
            "objects": [
                [
                    "reYIK_d.o",
                    43000
                ],
                [
                    "NtmA7_d.o",
                    14890
                ],
                [
                    "amcQwB.o",
                    116412
                ]
            ],
            "size": 174302
        }
    ],
    "Modules": {
        "tb_counter": {
            "nMops": 283,
            "Compiled": "Yes",
            "start_perf": [
                0.21196699142456055,
                0.040992000000000001,
                0.036893000000000002,
                218980,
                225184,
                1763982543.3428819,
                7985687743943
            ],
            "Compiled Times": 1,
            "child_modules": {},
            "end_perf": [
                0.21665596961975098,
                0.045414999999999997,
                0.037157999999999997,
                220644,
                225184,
                7985702777863,
                12884901889,
                0
            ],
            "nQuads": 155,
            "nRouts": 30
        },
        "...MASTER...": {
            "nMops": 0,
            "start_perf": [
                0.20278406143188477,
                0.034351,
                0.034351,
                212100,
                225184,
                1763982543.333699,
                7985658421446
            ],
            "child_modules": {
                "tb_counter": 1,
                "std": 1
            },
            "end_perf": [
                0.2050631046295166,
                0.034351,
                0.036630000000000003,
                214592,
                225184,
                7985665733254,
                0,
                0
            ],
            "nQuads": 0,
            "nRouts": 5
        },
        "std": {
            "start_perf": [
                0.20516014099121094,
                0.034351,
                0.036727000000000003,
                214592,
                225184,
                1763982543.3360751,
                7985666016102
            ],
            "nMops": 528,
            "Compiled": "Yes",
            "child_modules": {},
            "Compiled Times": 1,
            "end_perf": [
                0.2118990421295166,
                0.040955999999999999,
                0.036859999999999997,
                218980,
                225184,
                7985687628263,
                8589934594,
                0
            ],
            "svclass": [
                "$vcs_nba_dyn_obj",
                576,
                35,
                2,
                2,
                0,
                "sigprop$$",
                576,
                35,
                2,
                2,
                0,
                "process",
                2380,
                200,
                8,
                8,
                0,
                "event",
                597,
                34,
                2,
                2,
                0,
                "mailbox",
                1769,
                140,
                9,
                9,
                0,
                "semaphore",
                1119,
                84,
                5,
                5,
                0
            ],
            "nQuads": 218,
            "nRouts": 33
        }
    },
    "CompUnits": {
        "amcQw_d": {
            "mod": "...MASTER...",
            "out": "objs/amcQw_d.o",
            "bytes": 7832,
            "text": 434,
            "checksum": 0,
            "mode": 4
        },
        "NtmA7_d": {
            "mod": "tb_counter",
            "out": "NtmA7_d.o",
            "bytes": 14890,
            "archive": "archive.0/_8141_archive_1.a",
            "text": 3326,
            "checksum": 0,
            "mode": 4
        },
        "reYIK_d": {
            "mod": "std",
            "out": "reYIK_d.o",
            "bytes": 43000,
            "archive": "archive.0/_8141_archive_1.a",
            "text": 7325,
            "cls": 7017,
            "checksum": 0,
            "mode": 4
        }
    },
    "reusePaths": {},
    "stat": {
        "ru_self_end": {
            "ru_minflt": 10497,
            "ru_stime_sec": 0.039985,
            "ru_utime_sec": 0.046414999999999998,
            "ru_maxrss_kb": 116488,
            "ru_majflt": 0,
            "ru_nivcsw": 3,
            "ru_nvcsw": 41
        },
        "cpu_cycles_end": 7985714901575,
        "ru_childs_end": {
            "ru_minflt": 4867,
            "ru_stime_sec": 0.015583,
            "ru_utime_sec": 0.023153,
            "ru_maxrss_kb": 106728,
            "ru_majflt": 0,
            "ru_nivcsw": 0,
            "ru_nvcsw": 25
        },
        "peak_mem_kb": 225184
    }
}